{
    "code": 200,
    "data": [
        116.98218766003117,
        36.246435527803825,
        116.98126743379147,
        36.247974486315975,
        116.98065100341648,
        36.249064617267784,
        116.97941173964324,
        36.251066498743036,
        116.97841886825923,
        36.252710269690944,
        116.97731438200138,
        36.25445385829015,
        116.97393821981663,
        36.25942944166273,
        116.97170477790927,
        36.26273971114038,
        116.96858977585076,
        36.266469123882246,
        116.96526204707236,
        36.27014074382954,
        116.9651354382136,
        36.269709188561926,
        116.96814682038207,
        36.266395658537135,
        116.9711044365297,
        36.262755231064304,
        116.97234753547306,
        36.261012027602824,
        116.9730532680455,
        36.25998512033187,
        116.97567253336842,
        36.25618273475005,
        116.97661855892468,
        36.25488281406578,
        116.97891142954042,
        36.2511897935917,
        116.97980243069594,
        36.24958686834584,
        116.98151419450609,
        36.246234368005574
    ]
}